﻿<?xml version="1.0" encoding="utf-8" standalone="no" ?>
<vehicle type="attachableFrontloader">
    <annotation>[FS19] DtP Mario | AgrarDani | Matrix 3D</annotation>

    <storeData>
        <name>Fendt Cargo 5X90</name>
        <specs>
            <combination>>150HP</combination>
        </specs>
        <functions>
            <function>$l10n_function_frontloader</function>
        </functions>
        <image>store_820FrontLoader.png</image>
        <price>8000</price>
        <lifetime>600</lifetime>
        <rotation>0</rotation>
        <brand>FENDT</brand>
        <category>frontLoaders</category>
        <shopTranslationOffset>0 -0.1 0</shopTranslationOffset>
        <shopRotationOffset>10 0 0</shopRotationOffset>
        <vertexBufferMemoryUsage>291088</vertexBufferMemoryUsage>
        <indexBufferMemoryUsage>46632</indexBufferMemoryUsage>
        <textureMemoryUsage>4369208</textureMemoryUsage>
        <instanceVertexBufferMemoryUsage>0</instanceVertexBufferMemoryUsage>
        <instanceIndexBufferMemoryUsage>0</instanceIndexBufferMemoryUsage>
    </storeData>

    <base>
        <typeDesc>$l10n_typeDesc_frontloader</typeDesc>
        <filename>820FrontLoader.i3d</filename>
        <size width="3" length="3.5" lengthOffset="0.5" />
        <components>
            <component centerOfMass="0 0.2 1.0" solverIterationCount="10" mass="790" />
        </components>
        <schemaOverlay attacherJointPosition="0 0">
            <default name="DEFAULT_IMPLEMENT"/>
            <selected name="DEFAULT_IMPLEMENT_SELECTED"/>
        </schemaOverlay>
    </base>

    <attachable>
        <inputAttacherJoints>
            <inputAttacherJoint node="attacherJoint" hardAttach="false" jointType="attachableFrontloader" />
        </inputAttacherJoints>
        <support animationName="moveSupport" />
		<support animationName="moveParts" />
    </attachable>

    <attacherJoints>
        <attacherJoint jointType="frontloader" 	node="attacherJointTools" nodeVisual="attacherJointTools_visuals" allowsJointLimitMovement="false" allowsLowering="false" rotLimitSpring="7500 7500 7500" rotLimitDamping="5 5 5" transLimitSpring="7500 7500 7500" transLimitDamping="5 5 5" >
            <schema position="1 0" rotation="0" invertX="false" />
			<objectChange node="movingPartsIn" 	visibilityActive="false" 	visibilityInactive="true"/>
			<objectChange node="movingPartsOut" visibilityActive="true" 	visibilityInactive="false"/>
		</attacherJoint>
        <sounds>
            <attach template="ATTACH_01" linkNode="FL820_main_component1" />
        </sounds>
    </attacherJoints>

    <cylindered>
        <movingTools>
            <movingTool node="armDummy" delayedNode="arm">
                <controls axis="AXIS_FRONTLOADER_ARM" invertAxis="true" mouseSpeedFactor="1.0" iconName="FRONTLOADER_ARM_ROTATE" />
                <attacherJoint jointIndices="1" />
                <rotation rotSpeed="20" rotAcceleration="150" rotMax="0" rotMin="-80" startRot="0" detachingRotMinLimit="-10" />
                <dependentPart node="attacherRotDummy" />
                <dependentMovingTool node="attacherDummy" minRotLimits="-55 -75" maxRotLimits="100 50" />
            </movingTool>
            <movingTool node="attacherDummy" delayedNode="attacher">
                <controls axis="AXIS_FRONTLOADER_TOOL" invertAxis="true" mouseSpeedFactor="0.6" iconName="FRONTLOADER_ARM_ROTATE_TOOL" />
                <attacherJoint jointIndices="1" />
                <rotation rotSpeed="50" rotAcceleration="300" rotMax="100" rotMin="-60" startRot="-18" syncMaxRotLimits="true" />
            </movingTool>

            <movingTool node="arm">
                <dependentPart node="hydraulicMain" />
                <dependentPart node="attacherRot" />
            </movingTool>

            <movingTool node="attacher">
                <dependentPart node="wingFront" />
            </movingTool>
        </movingTools>

        <movingParts>
            <movingPart node="hydraulicMain" referencePoint="hydraulicMainRef" referenceFrame="arm" playSound="true">
                <translatingPart node="hydraulicMainPunch" />
                <dependentPart node="wingMiddle" />
            </movingPart>

            <movingPart node="wingMiddle" localReferencePoint="wingArm" referencePoint="wingArmRef" referenceFrame="wingMiddleRefFrame" >
                <dependentPart node="wingArm" />
                <dependentPart node="hydraulicFront" />
            </movingPart>
            <movingPart node="wingArm" referencePoint="wingArmRef" referenceFrame="arm" />

            <movingPart node="wingFront" localReferencePoint="wingPart" referencePoint="wingPartRef" referenceFrame="wingFrontRefFrame" >
                <dependentPart node="wingPart" />
                <dependentPart node="hydraulicFront" />
            </movingPart>
            <movingPart node="wingPart" referencePoint="wingPartRef" referenceFrame="wingPartRefFrame" />

            <movingPart node="hydraulicFront" referencePoint="hydraulicFrontRef" referenceFrame="wingMiddleRefFrame" playSound="true">
                <translatingPart node="hydraulicFrontPunch" />
            </movingPart>

            <movingPart node="attacherRotDummy" referenceFrame="attacherRootDummy">
                <attacherJoint jointIndices="0" />
            </movingPart>
            <movingPart node="attacherRot" referenceFrame="FL820_vis">
                <attacherJoint jointIndices="0" />
                <dependentPart node="wingFront" />
            </movingPart>
        </movingParts>
        <sounds>
            <hydraulic template="DEFAULT_HYDRAULIC_SOUND" linkNode="FL820_main_component1"/>
        </sounds>
    </cylindered>
	
    <animations>
        <animation name="moveSupport">
            <part node="supportCol"  startTime="0" endTime="0.5" startRot="83 0 0" endRot="0 0 0" />
            <part node="supportArm1" startTime="0" endTime="0.5" startRot="0 0 0"  endRot="-88 0 0" />
            <part node="supportArm2" startTime="0" endTime="0.5" startRot="70 0 0"  endRot="-53 0 0" />
        </animation>
		<animation name="moveParts">
			<part node="barRight" 	startTime="0" 	endTime="0.5" 	startTrans="-0.04 -0.044 0.172"  endTrans="-0.212 -0.044 0.172" />
            <part node="barRight" 	startTime="0.5" endTime="1" 	startRot="30 0 0"  		endRot="0 0 0" />
			<part node="boltRight" 	startTime="1" 	endTime="1.5" 	startTrans="-0.02 0.051 0.142"  	endTrans="-0.112 0.051 0.142" />
			<part node="barLeft" 	startTime="0" 	endTime="0.5" 	startTrans="0.04 -0.044 0.172"  	endTrans="0.212 -0.044 0.172" />
			<part node="barLeft" 	startTime="0.5" endTime="1" 	startRot="30 0 0"  		endRot="0 0 0" />
			<part node="boltLeft"  	startTime="1" 	endTime="1.5" 	startTrans="0.02 0.051 0.142" 	endTrans="0.112 0.051 0.142" />
		</animation>
    </animations>

    <foliageBending>
        <bendingNode minX="-0.55" maxX="0.55" minZ="-0.2" maxZ="2.1" yOffset="-0.2" node="hydraulicFront" />
    </foliageBending>

    <baseMaterial>
		<material name="fl820_mat" baseNode="FL820_vis">
            <shaderParameter name="colorMat0" value="FENDT_OLDGREEN1"/>
        </material>
    </baseMaterial>

    <baseMaterialConfigurations price="200" useDefaultColors="true">
        <baseMaterialConfiguration color="FENDT_OLDGREEN1"/>
        <material name="fl820_mat" shaderParameter="colorMat0" />
    </baseMaterialConfigurations>

    <wearable wearDuration="480" workMultiplier="5" fieldMultiplier="2"/>
    <washable dirtDuration="90" washDuration="1" workMultiplier="3" fieldMultiplier="2"/>

    <i3dMappings>
		<i3dMapping id="FL820_vis" 					node="0>0" />
		<i3dMapping id="arm" 						node="0>1" />
		<i3dMapping id="hydraulicMain" 				node="0>1|0" />
		<i3dMapping id="attacher" 					node="0>1|1|0" />
        <i3dMapping id="FL820_main_component1" 		node="0>" />
        <i3dMapping id="attacherJoint" 				node="0>0|0" />
        <i3dMapping id="hydraulicMainRef" 			node="0>0|1" />
		<i3dMapping id="boltLeft" 					node="0>1|1|0|3|0" />
        <i3dMapping id="boltRight" 					node="0>1|1|0|3|1" />
        <i3dMapping id="barRight" 					node="0>1|1|0|3|2" />
        <i3dMapping id="barLeft" 					node="0>1|1|0|3|3" />
		<i3dMapping id="wingFront" 					node="0>1|2" />
        <i3dMapping id="wingPart" 					node="0>1|2|0" />
		<i3dMapping id="wingMiddle" 				node="0>1|3" />
        <i3dMapping id="wingArm" 					node="0>1|3|0" />
        <i3dMapping id="hydraulicFront" 			node="0>1|3|1" />
		<i3dMapping id="supportArm1" 				node="0>1|4|0" />
        <i3dMapping id="wingArmRef" 				node="0>0|2" />
        <i3dMapping id="hydraulicMainPunch" 		node="0>1|0|0" />
        <i3dMapping id="attacherRot" 				node="0>1|1" />
        <i3dMapping id="wingPartRef" 				node="0>1|1|0|0" />
        <i3dMapping id="wingFrontRefFrame" 			node="0>1|1|0|1" />
        <i3dMapping id="attacherJointTools_visuals" node="0>1|1|0|2" />
        <i3dMapping id="hydraulicFrontRef" 			node="0>1|2|0|0" />
        <i3dMapping id="wingPartRefFrame" 			node="0>1|2|1" />
        <i3dMapping id="hydraulicFrontPunch" 		node="0>1|3|1|0" />
        <i3dMapping id="supportArm2" 				node="0>1|4|1" />
        <i3dMapping id="wingMiddleRefFrame" 		node="0>1|5" />
        <i3dMapping id="attacherRootDummy" 			node="0>2" />
        <i3dMapping id="attacherJointDummy" 		node="0>2|0" />
        <i3dMapping id="wingArmRefDummy" 			node="0>2|0|0" />
        <i3dMapping id="armDummy" 					node="0>3" />
        <i3dMapping id="attacherRotDummy" 			node="0>3|0" />
        <i3dMapping id="attacherDummy" 				node="0>3|0|0" />
        <i3dMapping id="attacherJointTools" 		node="0>3|0|0|0" />
        <i3dMapping id="supportCol" 				node="0>3|1" />
		<i3dMapping id="movingPartsIn" 				node="0>1|1|0|3" />
		<i3dMapping id="movingPartsOut" 			node="0>1|1|0|4" />
    </i3dMappings>
</vehicle>
