<?xml version="1.0" encoding="utf-8" standalone="no" ?>
<wheel>
    <default>
        <physics radius="1.0" width="0.9" mass="0.428" tireType="mud" frictionScale="1.60" maxLongStiffness="8" maxLatStiffness="100" maxLatStiffnessLoad="2" />
        <tire filename="$data/shared/wheels/michelin/axioBib/R42_axioBib.i3d" nodeLeft="2|0" nodeRight="2|0" maxDeformation="0.109" isCareWheel="false" tireTrackAtlasIndex="0" />
        <outerRim filename="$data/shared/wheels/rims/rim001.i3d" node="1|0" widthAndDiam="30 42" />
        <innerRim filename="$data/shared/wheels/rims/rim001.i3d" nodeLeft="3|0" nodeRight="3|1" widthAndDiam="30 42" />
    </default>
    <configurations>
        <configuration id="jd" >
            <innerRim filename="$data/shared/wheels/rims/rim007.i3d" nodeLeft="1|0" nodeRight="1|1" />
            <additional filename="$data/shared/wheels/weights/weight004.i3d" nodeLeft="0|0" nodeRight="0|1" offset="0.05" scale="0.94 0.94 0.94" mass="1" />
            <additional filename="$data/shared/wheels/weights/weight006.i3d" nodeLeft="0|0" nodeRight="0|1" offset="-0.01" scale="1.10 1.10 1.10" mass="0.3" />
        </configuration>
        <configuration id="jd3" >
            <innerRim filename="$data/shared/wheels/rims/rim008.i3d" nodeLeft="1|0" nodeRight="1|1" />
        </configuration>
    </configurations>
</wheel>
